Strand Name,sequence_final,Particle,Value
rT1,GGAUGCUGGUACUUUUGAAACAUUUCGAGUCGCGAGGGUUUUCCCAUCGUUGGCCCGUAUCGCGUUUUCUUAUGAAGA,T2,3.3205887263735057
rT2,GGUCGCGACCUUCUUUUCCCUCGCGACUCGAAAUGUUUCUUUUCGAGGUCGCCC,T2,3.3205887263735057
dT3,GGATCTTTCGCCTTTTCGCGATACGGGCCAACGATGGGTTTTGAAGGTCGCGAC,T2,3.3205887263735057
rT4,GGGCGACCUCGUUUUGUACCAGCAUCCUCUUCAUAAGUUUUGGCGAAAGAUCC,T2,3.3205887263735057
rT1,GGAUGCUGGUACUUUUGAAACAUUUCGAGUCGCGAGGGUUUUCCCAUCGUUGGCCCGUAUCGCGUUUUCUUAUGAAGA,T3,3.3230384814529947
rT2,GGUCGCGACCUUCUUUUCCCUCGCGACUCGAAAUGUUUCUUUUCGAGGUCGCCC,T3,3.3230384814529947
rT3,GGAUCUUUCGCCUUUUCGCGAUACGGGCCAACGAUGGGUUUUGAAGGUCGCGAC,T3,3.3230384814529947
dT4,GGGCGACCTCGTTTTGTACCAGCATCCTCTTCATAAGTTTTGGCGAAAGATCC,T3,3.3230384814529947
rT1,GGAUGCUGGUACUUUUGAAACAUUUCGAGUCGCGAGGGUUUUCCCAUCGUUGGCCCGUAUCGCGUUUUCUUAUGAAGA,T4,3.308273526361217
dT2,GGTCGCGACCTTCTTTTCCCTCGCGACTCGAAATGTTTCTTTTCGAGGTCGCCC,T4,3.308273526361217
rT3,GGAUCUUUCGCCUUUUCGCGAUACGGGCCAACGAUGGGUUUUGAAGGUCGCGAC,T4,3.308273526361217
rT4,GGGCGACCUCGUUUUGUACCAGCAUCCUCUUCAUAAGUUUUGGCGAAAGAUCC,T4,3.308273526361217
dT1,GGATGCTGGTACTTTTGAAACATTTCGAGTCGCGAGGGTTTTCCCATCGTTGGCCCGTATCGCGTTTTCTTATGAAGA,T5,3.0873425171154985
rT2,GGUCGCGACCUUCUUUUCCCUCGCGACUCGAAAUGUUUCUUUUCGAGGUCGCCC,T5,3.0873425171154985
rT3,GGAUCUUUCGCCUUUUCGCGAUACGGGCCAACGAUGGGUUUUGAAGGUCGCGAC,T5,3.0873425171154985
rT4,GGGCGACCUCGUUUUGUACCAGCAUCCUCUUCAUAAGUUUUGGCGAAAGAUCC,T5,3.0873425171154985
dT1,GGATGCTGGTACTTTTGAAACATTTCGAGTCGCGAGGGTTTTCCCATCGTTGGCCCGTATCGCGTTTTCTTATGAAGA,T6,2.9833806199694397
rT2,GGUCGCGACCUUCUUUUCCCUCGCGACUCGAAAUGUUUCUUUUCGAGGUCGCCC,T6,2.9833806199694397
rT3,GGAUCUUUCGCCUUUUCGCGAUACGGGCCAACGAUGGGUUUUGAAGGUCGCGAC,T6,2.9833806199694397
dT4,GGGCGACCTCGTTTTGTACCAGCATCCTCTTCATAAGTTTTGGCGAAAGATCC,T6,2.9833806199694397
rT1,GGAUGCUGGUACUUUUGAAACAUUUCGAGUCGCGAGGGUUUUCCCAUCGUUGGCCCGUAUCGCGUUUUCUUAUGAAGA,T7,3.2283466295880405
dT2,GGTCGCGACCTTCTTTTCCCTCGCGACTCGAAATGTTTCTTTTCGAGGTCGCCC,T7,3.2283466295880405
dT3,GGATCTTTCGCCTTTTCGCGATACGGGCCAACGATGGGTTTTGAAGGTCGCGAC,T7,3.2283466295880405
rT4,GGGCGACCUCGUUUUGUACCAGCAUCCUCUUCAUAAGUUUUGGCGAAAGAUCC,T7,3.2283466295880405
rT1,GGAUGCUGGUACUUUUGAAACAUUUCGAGUCGCGAGGGUUUUCCCAUCGUUGGCCCGUAUCGCGUUUUCUUAUGAAGA,T9,3.2483762336247044
rT2,GGUCGCGACCUUCUUUUCCCUCGCGACUCGAAAUGUUUCUUUUCGAGGUCGCCC,T9,3.2483762336247044
dT3,GGATCTTTCGCCTTTTCGCGATACGGGCCAACGATGGGTTTTGAAGGTCGCGAC,T9,3.2483762336247044
dT4,GGGCGACCTCGTTTTGTACCAGCATCCTCTTCATAAGTTTTGGCGAAAGATCC,T9,3.2483762336247044
dT1,GGATGCTGGTACTTTTGAAACATTTCGAGTCGCGAGGGTTTTCCCATCGTTGGCCCGTATCGCGTTTTCTTATGAAGA,T10,3.1145157377833277
dT2,GGTCGCGACCTTCTTTTCCCTCGCGACTCGAAATGTTTCTTTTCGAGGTCGCCC,T10,3.1145157377833277
rT3,GGAUCUUUCGCCUUUUCGCGAUACGGGCCAACGAUGGGUUUUGAAGGUCGCGAC,T10,3.1145157377833277
rT4,GGGCGACCUCGUUUUGUACCAGCAUCCUCUUCAUAAGUUUUGGCGAAAGAUCC,T10,3.1145157377833277
rT1,GGAUGCUGGUACUUUUGAAACAUUUCGAGUCGCGAGGGUUUUCCCAUCGUUGGCCCGUAUCGCGUUUUCUUAUGAAGA,T12,3.2149724792791674
dT2,GGTCGCGACCTTCTTTTCCCTCGCGACTCGAAATGTTTCTTTTCGAGGTCGCCC,T12,3.2149724792791674
dT3,GGATCTTTCGCCTTTTCGCGATACGGGCCAACGATGGGTTTTGAAGGTCGCGAC,T12,3.2149724792791674
dT4,GGGCGACCTCGTTTTGTACCAGCATCCTCTTCATAAGTTTTGGCGAAAGATCC,T12,3.2149724792791674
dT1,GGATGCTGGTACTTTTGAAACATTTCGAGTCGCGAGGGTTTTCCCATCGTTGGCCCGTATCGCGTTTTCTTATGAAGA,T13,3.005597214387313
dT2,GGTCGCGACCTTCTTTTCCCTCGCGACTCGAAATGTTTCTTTTCGAGGTCGCCC,T13,3.005597214387313
dT3,GGATCTTTCGCCTTTTCGCGATACGGGCCAACGATGGGTTTTGAAGGTCGCGAC,T13,3.005597214387313
rT4,GGGCGACCUCGUUUUGUACCAGCAUCCUCUUCAUAAGUUUUGGCGAAAGAUCC,T13,3.005597214387313
dT1,GGATGCTGGTACTTTTGAAACATTTCGAGTCGCGAGGGTTTTCCCATCGTTGGCCCGTATCGCGTTTTCTTATGAAGA,T14,2.8523341092793104
dT2,GGTCGCGACCTTCTTTTCCCTCGCGACTCGAAATGTTTCTTTTCGAGGTCGCCC,T14,2.8523341092793104
rT3,GGAUCUUUCGCCUUUUCGCGAUACGGGCCAACGAUGGGUUUUGAAGGUCGCGAC,T14,2.8523341092793104
dT4,GGGCGACCTCGTTTTGTACCAGCATCCTCTTCATAAGTTTTGGCGAAAGATCC,T14,2.8523341092793104
dT1,GGATGCTGGTACTTTTGAAACATTTCGAGTCGCGAGGGTTTTCCCATCGTTGGCCCGTATCGCGTTTTCTTATGAAGA,T15,3.0222142703363803
rT2,GGUCGCGACCUUCUUUUCCCUCGCGACUCGAAAUGUUUCUUUUCGAGGUCGCCC,T15,3.0222142703363803
dT3,GGATCTTTCGCCTTTTCGCGATACGGGCCAACGATGGGTTTTGAAGGTCGCGAC,T15,3.0222142703363803
dT4,GGGCGACCTCGTTTTGTACCAGCATCCTCTTCATAAGTTTTGGCGAAAGATCC,T15,3.0222142703363803
dT1,GGATGCTGGTACTTTTGAAACATTTCGAGTCGCGAGGGTTTTCCCATCGTTGGCCCGTATCGCGTTTTCTTATGAAGA,T16,2.9447833169926203
dT2,GGTCGCGACCTTCTTTTCCCTCGCGACTCGAAATGTTTCTTTTCGAGGTCGCCC,T16,2.9447833169926203
dT3,GGATCTTTCGCCTTTTCGCGATACGGGCCAACGATGGGTTTTGAAGGTCGCGAC,T16,2.9447833169926203
dT4,GGGCGACCTCGTTTTGTACCAGCATCCTCTTCATAAGTTTTGGCGAAAGATCC,T16,2.9447833169926203
rS1,GGAUGCUGGUACUUUUGUUGGCCGAGACCAUAUCCCGGUUUUGAAACAUUUCGAGUCGCGAGGGUUUUCCCAUCGUUGGCCCGUAUCGCGUUUUCUUAUGAAGA,S1,3.2285617945235026
rT2,GGUCGCGACCUUCUUUUCCCUCGCGACUCGAAAUGUUUCUUUUCGAGGUCGCCC,S1,3.2285617945235026
rT3,GGAUCUUUCGCCUUUUCGCGAUACGGGCCAACGAUGGGUUUUGAAGGUCGCGAC,S1,3.2285617945235026
rT4,GGGCGACCUCGUUUUGUACCAGCAUCCUCUUCAUAAGUUUUGGCGAAAGAUCC,S1,3.2285617945235026
rS5,GGGCGACCUCGUUUUCCGGGAUAUGGUCUCGGCCAACUUUUCGAGGUCGCCC,S1,3.2285617945235026
rS1,GGAUGCUGGUACUUUUGUUGGCCGAGACCAUAUCCCGGUUUUGAAACAUUUCGAGUCGCGAGGGUUUUCCCAUCGUUGGCCCGUAUCGCGUUUUCUUAUGAAGA,S3,3.083769377367931
dT2,GGTCGCGACCTTCTTTTCCCTCGCGACTCGAAATGTTTCTTTTCGAGGTCGCCC,S3,3.083769377367931
rT3,GGAUCUUUCGCCUUUUCGCGAUACGGGCCAACGAUGGGUUUUGAAGGUCGCGAC,S3,3.083769377367931
rT4,GGGCGACCUCGUUUUGUACCAGCAUCCUCUUCAUAAGUUUUGGCGAAAGAUCC,S3,3.083769377367931
rS5,GGGCGACCUCGUUUUCCGGGAUAUGGUCUCGGCCAACUUUUCGAGGUCGCCC,S3,3.083769377367931
rS1,GGAUGCUGGUACUUUUGUUGGCCGAGACCAUAUCCCGGUUUUGAAACAUUUCGAGUCGCGAGGGUUUUCCCAUCGUUGGCCCGUAUCGCGUUUUCUUAUGAAGA,S4,3.0375579749687915
rT2,GGUCGCGACCUUCUUUUCCCUCGCGACUCGAAAUGUUUCUUUUCGAGGUCGCCC,S4,3.0375579749687915
rT3,GGAUCUUUCGCCUUUUCGCGAUACGGGCCAACGAUGGGUUUUGAAGGUCGCGAC,S4,3.0375579749687915
dT4,GGGCGACCTCGTTTTGTACCAGCATCCTCTTCATAAGTTTTGGCGAAAGATCC,S4,3.0375579749687915
rS5,GGGCGACCUCGUUUUCCGGGAUAUGGUCUCGGCCAACUUUUCGAGGUCGCCC,S4,3.0375579749687915
rS1,GGAUGCUGGUACUUUUGUUGGCCGAGACCAUAUCCCGGUUUUGAAACAUUUCGAGUCGCGAGGGUUUUCCCAUCGUUGGCCCGUAUCGCGUUUUCUUAUGAAGA,S5,3.0951083792607794
rT2,GGUCGCGACCUUCUUUUCCCUCGCGACUCGAAAUGUUUCUUUUCGAGGUCGCCC,S5,3.0951083792607794
dT3,GGATCTTTCGCCTTTTCGCGATACGGGCCAACGATGGGTTTTGAAGGTCGCGAC,S5,3.0951083792607794
rT4,GGGCGACCUCGUUUUGUACCAGCAUCCUCUUCAUAAGUUUUGGCGAAAGAUCC,S5,3.0951083792607794
rS5,GGGCGACCUCGUUUUCCGGGAUAUGGUCUCGGCCAACUUUUCGAGGUCGCCC,S5,3.0951083792607794
rS1,GGAUGCUGGUACUUUUGUUGGCCGAGACCAUAUCCCGGUUUUGAAACAUUUCGAGUCGCGAGGGUUUUCCCAUCGUUGGCCCGUAUCGCGUUUUCUUAUGAAGA,S7,3.027566243346415
dT2,GGTCGCGACCTTCTTTTCCCTCGCGACTCGAAATGTTTCTTTTCGAGGTCGCCC,S7,3.027566243346415
rT3,GGAUCUUUCGCCUUUUCGCGAUACGGGCCAACGAUGGGUUUUGAAGGUCGCGAC,S7,3.027566243346415
rT4,GGGCGACCUCGUUUUGUACCAGCAUCCUCUUCAUAAGUUUUGGCGAAAGAUCC,S7,3.027566243346415
dS5,GGGCGACCTCGTTTTCCGGGATATGGTCTCGGCCAACTTTTCGAGGTCGCCC,S7,3.027566243346415
rS1,GGAUGCUGGUACUUUUGUUGGCCGAGACCAUAUCCCGGUUUUGAAACAUUUCGAGUCGCGAGGGUUUUCCCAUCGUUGGCCCGUAUCGCGUUUUCUUAUGAAGA,S8,2.956487927187245
dT2,GGTCGCGACCTTCTTTTCCCTCGCGACTCGAAATGTTTCTTTTCGAGGTCGCCC,S8,2.956487927187245
dT3,GGATCTTTCGCCTTTTCGCGATACGGGCCAACGATGGGTTTTGAAGGTCGCGAC,S8,2.956487927187245
rT4,GGGCGACCUCGUUUUGUACCAGCAUCCUCUUCAUAAGUUUUGGCGAAAGAUCC,S8,2.956487927187245
rS5,GGGCGACCUCGUUUUCCGGGAUAUGGUCUCGGCCAACUUUUCGAGGUCGCCC,S8,2.956487927187245
rS1,GGAUGCUGGUACUUUUGUUGGCCGAGACCAUAUCCCGGUUUUGAAACAUUUCGAGUCGCGAGGGUUUUCCCAUCGUUGGCCCGUAUCGCGUUUUCUUAUGAAGA,S9,3.002440216926532
dT2,GGTCGCGACCTTCTTTTCCCTCGCGACTCGAAATGTTTCTTTTCGAGGTCGCCC,S9,3.002440216926532
rT3,GGAUCUUUCGCCUUUUCGCGAUACGGGCCAACGAUGGGUUUUGAAGGUCGCGAC,S9,3.002440216926532
dT4,GGGCGACCTCGTTTTGTACCAGCATCCTCTTCATAAGTTTTGGCGAAAGATCC,S9,3.002440216926532
rS5,GGGCGACCUCGUUUUCCGGGAUAUGGUCUCGGCCAACUUUUCGAGGUCGCCC,S9,3.002440216926532
dS1,GGATGCTGGTACTTTTGTTGGCCGAGACCATATCCCGGTTTTGAAACATTTCGAGTCGCGAGGGTTTTCCCATCGTTGGCCCGTATCGCGTTTTCTTATGAAGA,S15,2.975437844164883
rT2,GGUCGCGACCUUCUUUUCCCUCGCGACUCGAAAUGUUUCUUUUCGAGGUCGCCC,S15,2.975437844164883
dT3,GGATCTTTCGCCTTTTCGCGATACGGGCCAACGATGGGTTTTGAAGGTCGCGAC,S15,2.975437844164883
rT4,GGGCGACCUCGUUUUGUACCAGCAUCCUCUUCAUAAGUUUUGGCGAAAGAUCC,S15,2.975437844164883
rS5,GGGCGACCUCGUUUUCCGGGAUAUGGUCUCGGCCAACUUUUCGAGGUCGCCC,S15,2.975437844164883
rS1,GGAUGCUGGUACUUUUGUUGGCCGAGACCAUAUCCCGGUUUUGAAACAUUUCGAGUCGCGAGGGUUUUCCCAUCGUUGGCCCGUAUCGCGUUUUCUUAUGAAGA,S17,3.0520845662960063
rT2,GGUCGCGACCUUCUUUUCCCUCGCGACUCGAAAUGUUUCUUUUCGAGGUCGCCC,S17,3.0520845662960063
dT3,GGATCTTTCGCCTTTTCGCGATACGGGCCAACGATGGGTTTTGAAGGTCGCGAC,S17,3.0520845662960063
dT4,GGGCGACCTCGTTTTGTACCAGCATCCTCTTCATAAGTTTTGGCGAAAGATCC,S17,3.0520845662960063
dS5,GGGCGACCTCGTTTTCCGGGATATGGTCTCGGCCAACTTTTCGAGGTCGCCC,S17,3.0520845662960063
rS1,GGAUGCUGGUACUUUUGUUGGCCGAGACCAUAUCCCGGUUUUGAAACAUUUCGAGUCGCGAGGGUUUUCCCAUCGUUGGCCCGUAUCGCGUUUUCUUAUGAAGA,S19,2.9586772914167274
dT2,GGTCGCGACCTTCTTTTCCCTCGCGACTCGAAATGTTTCTTTTCGAGGTCGCCC,S19,2.9586772914167274
dT3,GGATCTTTCGCCTTTTCGCGATACGGGCCAACGATGGGTTTTGAAGGTCGCGAC,S19,2.9586772914167274
rT4,GGGCGACCUCGUUUUGUACCAGCAUCCUCUUCAUAAGUUUUGGCGAAAGAUCC,S19,2.9586772914167274
dS5,GGGCGACCTCGTTTTCCGGGATATGGTCTCGGCCAACTTTTCGAGGTCGCCC,S19,2.9586772914167274
dS1,GGATGCTGGTACTTTTGTTGGCCGAGACCATATCCCGGTTTTGAAACATTTCGAGTCGCGAGGGTTTTCCCATCGTTGGCCCGTATCGCGTTTTCTTATGAAGA,S22,2.769054907725059
dT2,GGTCGCGACCTTCTTTTCCCTCGCGACTCGAAATGTTTCTTTTCGAGGTCGCCC,S22,2.769054907725059
rT3,GGAUCUUUCGCCUUUUCGCGAUACGGGCCAACGAUGGGUUUUGAAGGUCGCGAC,S22,2.769054907725059
dT4,GGGCGACCTCGTTTTGTACCAGCATCCTCTTCATAAGTTTTGGCGAAAGATCC,S22,2.769054907725059
rS5,GGGCGACCUCGUUUUCCGGGAUAUGGUCUCGGCCAACUUUUCGAGGUCGCCC,S22,2.769054907725059
dS1,GGATGCTGGTACTTTTGTTGGCCGAGACCATATCCCGGTTTTGAAACATTTCGAGTCGCGAGGGTTTTCCCATCGTTGGCCCGTATCGCGTTTTCTTATGAAGA,S23,2.5560649410647054
dT2,GGTCGCGACCTTCTTTTCCCTCGCGACTCGAAATGTTTCTTTTCGAGGTCGCCC,S23,2.5560649410647054
dT3,GGATCTTTCGCCTTTTCGCGATACGGGCCAACGATGGGTTTTGAAGGTCGCGAC,S23,2.5560649410647054
rT4,GGGCGACCUCGUUUUGUACCAGCAUCCUCUUCAUAAGUUUUGGCGAAAGAUCC,S23,2.5560649410647054
rS5,GGGCGACCUCGUUUUCCGGGAUAUGGUCUCGGCCAACUUUUCGAGGUCGCCC,S23,2.5560649410647054
dS1,GGATGCTGGTACTTTTGTTGGCCGAGACCATATCCCGGTTTTGAAACATTTCGAGTCGCGAGGGTTTTCCCATCGTTGGCCCGTATCGCGTTTTCTTATGAAGA,S25,3.0107009001397893
rT2,GGUCGCGACCUUCUUUUCCCUCGCGACUCGAAAUGUUUCUUUUCGAGGUCGCCC,S25,3.0107009001397893
dT3,GGATCTTTCGCCTTTTCGCGATACGGGCCAACGATGGGTTTTGAAGGTCGCGAC,S25,3.0107009001397893
rT4,GGGCGACCUCGUUUUGUACCAGCAUCCUCUUCAUAAGUUUUGGCGAAAGAUCC,S25,3.0107009001397893
dS5,GGGCGACCTCGTTTTCCGGGATATGGTCTCGGCCAACTTTTCGAGGTCGCCC,S25,3.0107009001397893
dS1,GGATGCTGGTACTTTTGTTGGCCGAGACCATATCCCGGTTTTGAAACATTTCGAGTCGCGAGGGTTTTCCCATCGTTGGCCCGTATCGCGTTTTCTTATGAAGA,S27,2.7516900518703724
dT2,GGTCGCGACCTTCTTTTCCCTCGCGACTCGAAATGTTTCTTTTCGAGGTCGCCC,S27,2.7516900518703724
dT3,GGATCTTTCGCCTTTTCGCGATACGGGCCAACGATGGGTTTTGAAGGTCGCGAC,S27,2.7516900518703724
dT4,GGGCGACCTCGTTTTGTACCAGCATCCTCTTCATAAGTTTTGGCGAAAGATCC,S27,2.7516900518703724
rS5,GGGCGACCUCGUUUUCCGGGAUAUGGUCUCGGCCAACUUUUCGAGGUCGCCC,S27,2.7516900518703724
dS1,GGATGCTGGTACTTTTGTTGGCCGAGACCATATCCCGGTTTTGAAACATTTCGAGTCGCGAGGGTTTTCCCATCGTTGGCCCGTATCGCGTTTTCTTATGAAGA,S28,2.8102113405806457
dT2,GGTCGCGACCTTCTTTTCCCTCGCGACTCGAAATGTTTCTTTTCGAGGTCGCCC,S28,2.8102113405806457
dT3,GGATCTTTCGCCTTTTCGCGATACGGGCCAACGATGGGTTTTGAAGGTCGCGAC,S28,2.8102113405806457
rT4,GGGCGACCUCGUUUUGUACCAGCAUCCUCUUCAUAAGUUUUGGCGAAAGAUCC,S28,2.8102113405806457
dS5,GGGCGACCTCGTTTTCCGGGATATGGTCTCGGCCAACTTTTCGAGGTCGCCC,S28,2.8102113405806457
dS1,GGATGCTGGTACTTTTGTTGGCCGAGACCATATCCCGGTTTTGAAACATTTCGAGTCGCGAGGGTTTTCCCATCGTTGGCCCGTATCGCGTTTTCTTATGAAGA,S29,2.938272542843298
dT2,GGTCGCGACCTTCTTTTCCCTCGCGACTCGAAATGTTTCTTTTCGAGGTCGCCC,S29,2.938272542843298
rT3,GGAUCUUUCGCCUUUUCGCGAUACGGGCCAACGAUGGGUUUUGAAGGUCGCGAC,S29,2.938272542843298
dT4,GGGCGACCTCGTTTTGTACCAGCATCCTCTTCATAAGTTTTGGCGAAAGATCC,S29,2.938272542843298
dS5,GGGCGACCTCGTTTTCCGGGATATGGTCTCGGCCAACTTTTCGAGGTCGCCC,S29,2.938272542843298
rS1,GGAUGCUGGUACUUUUGUUGGCCGAGACCAUAUCCCGGUUUUGAAACAUUUCGAGUCGCGAGGGUUUUCCCAUCGUUGGCCCGUAUCGCGUUUUCUUAUGAAGA,S30,2.975057658818686
dT2,GGTCGCGACCTTCTTTTCCCTCGCGACTCGAAATGTTTCTTTTCGAGGTCGCCC,S30,2.975057658818686
dT3,GGATCTTTCGCCTTTTCGCGATACGGGCCAACGATGGGTTTTGAAGGTCGCGAC,S30,2.975057658818686
dT4,GGGCGACCTCGTTTTGTACCAGCATCCTCTTCATAAGTTTTGGCGAAAGATCC,S30,2.975057658818686
dS5,GGGCGACCTCGTTTTCCGGGATATGGTCTCGGCCAACTTTTCGAGGTCGCCC,S30,2.975057658818686
dS1,GGATGCTGGTACTTTTGTTGGCCGAGACCATATCCCGGTTTTGAAACATTTCGAGTCGCGAGGGTTTTCCCATCGTTGGCCCGTATCGCGTTTTCTTATGAAGA,S31,2.911910673973495
rT2,GGUCGCGACCUUCUUUUCCCUCGCGACUCGAAAUGUUUCUUUUCGAGGUCGCCC,S31,2.911910673973495
dT3,GGATCTTTCGCCTTTTCGCGATACGGGCCAACGATGGGTTTTGAAGGTCGCGAC,S31,2.911910673973495
dT4,GGGCGACCTCGTTTTGTACCAGCATCCTCTTCATAAGTTTTGGCGAAAGATCC,S31,2.911910673973495
dS5,GGGCGACCTCGTTTTCCGGGATATGGTCTCGGCCAACTTTTCGAGGTCGCCC,S31,2.911910673973495
dS1,GGATGCTGGTACTTTTGTTGGCCGAGACCATATCCCGGTTTTGAAACATTTCGAGTCGCGAGGGTTTTCCCATCGTTGGCCCGTATCGCGTTTTCTTATGAAGA,S32,2.7375446638621304
dT2,GGTCGCGACCTTCTTTTCCCTCGCGACTCGAAATGTTTCTTTTCGAGGTCGCCC,S32,2.7375446638621304
dT3,GGATCTTTCGCCTTTTCGCGATACGGGCCAACGATGGGTTTTGAAGGTCGCGAC,S32,2.7375446638621304
dT4,GGGCGACCTCGTTTTGTACCAGCATCCTCTTCATAAGTTTTGGCGAAAGATCC,S32,2.7375446638621304
dS5,GGGCGACCTCGTTTTCCGGGATATGGTCTCGGCCAACTTTTCGAGGTCGCCC,S32,2.7375446638621304
rP1,GGAUGCUGGUACUUUUGUUGGCCGAGACCAUAUCCCGGUUUUGGGCCAACUCUUAGCGUGUCCGUUUUGAAACAUUUCGAGUCGCGAGGGUUUUCCCAUCGUUGGCCCGUAUCGCGUUUUCUUAUGAAGA,P1,3.117985786576276
rT2,GGUCGCGACCUUCUUUUCCCUCGCGACUCGAAAUGUUUCUUUUCGAGGUCGCCC,P1,3.117985786576276
rT3,GGAUCUUUCGCCUUUUCGCGAUACGGGCCAACGAUGGGUUUUGAAGGUCGCGAC,P1,3.117985786576276
rT4,GGGCGACCUCGUUUUGUACCAGCAUCCUCUUCAUAAGUUUUGGCGAAAGAUCC,P1,3.117985786576276
rS5,GGGCGACCUCGUUUUCCGGGAUAUGGUCUCGGCCAACUUUUCGAGGUCGCCC,P1,3.117985786576276
rP6,GGGCGACCUCGUUUUCGGACACGCUAAGAGUUGGCCCUUUUCGAGGUCGCCC,P1,3.117985786576276
rp1,GGAUGCUGGUACUUUUGUUGGCCGAGACCAUAUCCCGGUUUUGGGCCAACUCUUAGCGUGUCCGUUUUGAAACAUUUCGAGUCGCGAGGGUUUUCCCAUCGUUGGCCCGUAUCGCGUUUUCUUAUGAAGA,P4,3.1289495521193005
rT2,GGUCGCGACCUUCUUUUCCCUCGCGACUCGAAAUGUUUCUUUUCGAGGUCGCCC,P4,3.1289495521193005
rT3,GGAUCUUUCGCCUUUUCGCGAUACGGGCCAACGAUGGGUUUUGAAGGUCGCGAC,P4,3.1289495521193005
rT4,GGGCGACCUCGUUUUGUACCAGCAUCCUCUUCAUAAGUUUUGGCGAAAGAUCC,P4,3.1289495521193005
rS5,GGGCGACCUCGUUUUCCGGGAUAUGGUCUCGGCCAACUUUUCGAGGUCGCCC,P4,3.1289495521193005
dP6,GGGCGACCTCGTTTTCGGACACGCTAAGAGTTGGCCCTTTTCGAGGTCGCCC,P4,3.1289495521193005
rP1,GGAUGCUGGUACUUUUGUUGGCCGAGACCAUAUCCCGGUUUUGGGCCAACUCUUAGCGUGUCCGUUUUGAAACAUUUCGAGUCGCGAGGGUUUUCCCAUCGUUGGCCCGUAUCGCGUUUUCUUAUGAAGA,P10,3.3248319572618428
rT2,GGUCGCGACCUUCUUUUCCCUCGCGACUCGAAAUGUUUCUUUUCGAGGUCGCCC,P10,3.3248319572618428
dT3,GGATCTTTCGCCTTTTCGCGATACGGGCCAACGATGGGTTTTGAAGGTCGCGAC,P10,3.3248319572618428
rT4,GGGCGACCUCGUUUUGUACCAGCAUCCUCUUCAUAAGUUUUGGCGAAAGAUCC,P10,3.3248319572618428
rS5,GGGCGACCUCGUUUUCCGGGAUAUGGUCUCGGCCAACUUUUCGAGGUCGCCC,P10,3.3248319572618428
dp6,GGGCGACCTCGTTTTCGGACACGCTAAGAGTTGGCCCTTTTCGAGGTCGCCC,P10,3.3248319572618428
rP1,GGAUGCUGGUACUUUUGUUGGCCGAGACCAUAUCCCGGUUUUGGGCCAACUCUUAGCGUGUCCGUUUUGAAACAUUUCGAGUCGCGAGGGUUUUCCCAUCGUUGGCCCGUAUCGCGUUUUCUUAUGAAGA,P11,3.0465533100717095
rT2,GGUCGCGACCUUCUUUUCCCUCGCGACUCGAAAUGUUUCUUUUCGAGGUCGCCC,P11,3.0465533100717095
dT3,GGATCTTTCGCCTTTTCGCGATACGGGCCAACGATGGGTTTTGAAGGTCGCGAC,P11,3.0465533100717095
rT4,GGGCGACCUCGUUUUGUACCAGCAUCCUCUUCAUAAGUUUUGGCGAAAGAUCC,P11,3.0465533100717095
dS5,GGGCGACCTCGTTTTCCGGGATATGGTCTCGGCCAACTTTTCGAGGTCGCCC,P11,3.0465533100717095
rP6,GGGCGACCUCGUUUUCGGACACGCUAAGAGUUGGCCCUUUUCGAGGUCGCCC,P11,3.0465533100717095
rP1,GGAUGCUGGUACUUUUGUUGGCCGAGACCAUAUCCCGGUUUUGGGCCAACUCUUAGCGUGUCCGUUUUGAAACAUUUCGAGUCGCGAGGGUUUUCCCAUCGUUGGCCCGUAUCGCGUUUUCUUAUGAAGA,P12,3.0747081659229933
rT2,GGUCGCGACCUUCUUUUCCCUCGCGACUCGAAAUGUUUCUUUUCGAGGUCGCCC,P12,3.0747081659229933
dT3,GGATCTTTCGCCTTTTCGCGATACGGGCCAACGATGGGTTTTGAAGGTCGCGAC,P12,3.0747081659229933
dT4,GGGCGACCTCGTTTTGTACCAGCATCCTCTTCATAAGTTTTGGCGAAAGATCC,P12,3.0747081659229933
rS5,GGGCGACCUCGUUUUCCGGGAUAUGGUCUCGGCCAACUUUUCGAGGUCGCCC,P12,3.0747081659229933
rP6,GGGCGACCUCGUUUUCGGACACGCUAAGAGUUGGCCCUUUUCGAGGUCGCCC,P12,3.0747081659229933
rP1,GGAUGCUGGUACUUUUGUUGGCCGAGACCAUAUCCCGGUUUUGGGCCAACUCUUAGCGUGUCCGUUUUGAAACAUUUCGAGUCGCGAGGGUUUUCCCAUCGUUGGCCCGUAUCGCGUUUUCUUAUGAAGA,P13,3.3007470648989483
dT2,GGTCGCGACCTTCTTTTCCCTCGCGACTCGAAATGTTTCTTTTCGAGGTCGCCC,P13,3.3007470648989483
rT3,GGAUCUUUCGCCUUUUCGCGAUACGGGCCAACGAUGGGUUUUGAAGGUCGCGAC,P13,3.3007470648989483
dT4,GGGCGACCTCGTTTTGTACCAGCATCCTCTTCATAAGTTTTGGCGAAAGATCC,P13,3.3007470648989483
rS5,GGGCGACCUCGUUUUCCGGGAUAUGGUCUCGGCCAACUUUUCGAGGUCGCCC,P13,3.3007470648989483
rP6,GGGCGACCUCGUUUUCGGACACGCUAAGAGUUGGCCCUUUUCGAGGUCGCCC,P13,3.3007470648989483
rP1,GGAUGCUGGUACUUUUGUUGGCCGAGACCAUAUCCCGGUUUUGGGCCAACUCUUAGCGUGUCCGUUUUGAAACAUUUCGAGUCGCGAGGGUUUUCCCAUCGUUGGCCCGUAUCGCGUUUUCUUAUGAAGA,P14,3.3255547809436776
rT2,GGUCGCGACCUUCUUUUCCCUCGCGACUCGAAAUGUUUCUUUUCGAGGUCGCCC,P14,3.3255547809436776
rT3,GGAUCUUUCGCCUUUUCGCGAUACGGGCCAACGAUGGGUUUUGAAGGUCGCGAC,P14,3.3255547809436776
dT4,GGGCGACCTCGTTTTGTACCAGCATCCTCTTCATAAGTTTTGGCGAAAGATCC,P14,3.3255547809436776
rS5,GGGCGACCUCGUUUUCCGGGAUAUGGUCUCGGCCAACUUUUCGAGGUCGCCC,P14,3.3255547809436776
dP6,GGGCGACCTCGTTTTCGGACACGCTAAGAGTTGGCCCTTTTCGAGGTCGCCC,P14,3.3255547809436776
rP1,GGAUGCUGGUACUUUUGUUGGCCGAGACCAUAUCCCGGUUUUGGGCCAACUCUUAGCGUGUCCGUUUUGAAACAUUUCGAGUCGCGAGGGUUUUCCCAUCGUUGGCCCGUAUCGCGUUUUCUUAUGAAGA,P15,3.2820574757988927
rT2,GGUCGCGACCUUCUUUUCCCUCGCGACUCGAAAUGUUUCUUUUCGAGGUCGCCC,P15,3.2820574757988927
rT3,GGAUCUUUCGCCUUUUCGCGAUACGGGCCAACGAUGGGUUUUGAAGGUCGCGAC,P15,3.2820574757988927
dT4,GGGCGACCTCGTTTTGTACCAGCATCCTCTTCATAAGTTTTGGCGAAAGATCC,P15,3.2820574757988927
dS5,GGGCGACCTCGTTTTCCGGGATATGGTCTCGGCCAACTTTTCGAGGTCGCCC,P15,3.2820574757988927
rP6,GGGCGACCUCGUUUUCGGACACGCUAAGAGUUGGCCCUUUUCGAGGUCGCCC,P15,3.2820574757988927
rP1,GGAUGCUGGUACUUUUGUUGGCCGAGACCAUAUCCCGGUUUUGGGCCAACUCUUAGCGUGUCCGUUUUGAAACAUUUCGAGUCGCGAGGGUUUUCCCAUCGUUGGCCCGUAUCGCGUUUUCUUAUGAAGA,P17,3.318494325345918
rT2,GGUCGCGACCUUCUUUUCCCUCGCGACUCGAAAUGUUUCUUUUCGAGGUCGCCC,P17,3.318494325345918
rT3,GGAUCUUUCGCCUUUUCGCGAUACGGGCCAACGAUGGGUUUUGAAGGUCGCGAC,P17,3.318494325345918
rT4,GGGCGACCUCGUUUUGUACCAGCAUCCUCUUCAUAAGUUUUGGCGAAAGAUCC,P17,3.318494325345918
dS5,GGGCGACCTCGTTTTCCGGGATATGGTCTCGGCCAACTTTTCGAGGTCGCCC,P17,3.318494325345918
dP6,GGGCGACCTCGTTTTCGGACACGCTAAGAGTTGGCCCTTTTCGAGGTCGCCC,P17,3.318494325345918
dP1,GGATGCTGGTACTTTTGTTGGCCGAGACCATATCCCGGTTTTGGGCCAACTCTTAGCGTGTCCGTTTTGAAACATTTCGAGTCGCGAGGGTTTTCCCATCGTTGGCCCGTATCGCGTTTTCTTATGAAGA,P18,3.073008944031685
rT2,GGUCGCGACCUUCUUUUCCCUCGCGACUCGAAAUGUUUCUUUUCGAGGUCGCCC,P18,3.073008944031685
dT3,GGATCTTTCGCCTTTTCGCGATACGGGCCAACGATGGGTTTTGAAGGTCGCGAC,P18,3.073008944031685
rT4,GGGCGACCUCGUUUUGUACCAGCAUCCUCUUCAUAAGUUUUGGCGAAAGAUCC,P18,3.073008944031685
rS5,GGGCGACCUCGUUUUCCGGGAUAUGGUCUCGGCCAACUUUUCGAGGUCGCCC,P18,3.073008944031685
rP6,GGGCGACCUCGUUUUCGGACACGCUAAGAGUUGGCCCUUUUCGAGGUCGCCC,P18,3.073008944031685
dP1,GGATGCTGGTACTTTTGTTGGCCGAGACCATATCCCGGTTTTGGGCCAACTCTTAGCGTGTCCGTTTTGAAACATTTCGAGTCGCGAGGGTTTTCCCATCGTTGGCCCGTATCGCGTTTTCTTATGAAGA,P19,3.100447291268805
dT2,GGTCGCGACCTTCTTTTCCCTCGCGACTCGAAATGTTTCTTTTCGAGGTCGCCC,P19,3.100447291268805
rT3,GGAUCUUUCGCCUUUUCGCGAUACGGGCCAACGAUGGGUUUUGAAGGUCGCGAC,P19,3.100447291268805
rT4,GGGCGACCUCGUUUUGUACCAGCAUCCUCUUCAUAAGUUUUGGCGAAAGAUCC,P19,3.100447291268805
rS5,GGGCGACCUCGUUUUCCGGGAUAUGGUCUCGGCCAACUUUUCGAGGUCGCCC,P19,3.100447291268805
rP6,GGGCGACCUCGUUUUCGGACACGCUAAGAGUUGGCCCUUUUCGAGGUCGCCC,P19,3.100447291268805
dP1,GGATGCTGGTACTTTTGTTGGCCGAGACCATATCCCGGTTTTGGGCCAACTCTTAGCGTGTCCGTTTTGAAACATTTCGAGTCGCGAGGGTTTTCCCATCGTTGGCCCGTATCGCGTTTTCTTATGAAGA,P20,3.1374589498120895
rT2,GGUCGCGACCUUCUUUUCCCUCGCGACUCGAAAUGUUUCUUUUCGAGGUCGCCC,P20,3.1374589498120895
rT3,GGAUCUUUCGCCUUUUCGCGAUACGGGCCAACGAUGGGUUUUGAAGGUCGCGAC,P20,3.1374589498120895
rT4,GGGCGACCUCGUUUUGUACCAGCAUCCUCUUCAUAAGUUUUGGCGAAAGAUCC,P20,3.1374589498120895
dS5,GGGCGACCTCGTTTTCCGGGATATGGTCTCGGCCAACTTTTCGAGGTCGCCC,P20,3.1374589498120895
rP6,GGGCGACCUCGUUUUCGGACACGCUAAGAGUUGGCCCUUUUCGAGGUCGCCC,P20,3.1374589498120895
dP1,GGATGCTGGTACTTTTGTTGGCCGAGACCATATCCCGGTTTTGGGCCAACTCTTAGCGTGTCCGTTTTGAAACATTTCGAGTCGCGAGGGTTTTCCCATCGTTGGCCCGTATCGCGTTTTCTTATGAAGA,P22,3.135585373337963
rT2,GGUCGCGACCUUCUUUUCCCUCGCGACUCGAAAUGUUUCUUUUCGAGGUCGCCC,P22,3.135585373337963
rT3,GGAUCUUUCGCCUUUUCGCGAUACGGGCCAACGAUGGGUUUUGAAGGUCGCGAC,P22,3.135585373337963
rT4,GGGCGACCUCGUUUUGUACCAGCAUCCUCUUCAUAAGUUUUGGCGAAAGAUCC,P22,3.135585373337963
rS5,GGGCGACCUCGUUUUCCGGGAUAUGGUCUCGGCCAACUUUUCGAGGUCGCCC,P22,3.135585373337963
dP6,GGGCGACCTCGTTTTCGGACACGCTAAGAGTTGGCCCTTTTCGAGGTCGCCC,P22,3.135585373337963
rP1,GGAUGCUGGUACUUUUGUUGGCCGAGACCAUAUCCCGGUUUUGGGCCAACUCUUAGCGUGUCCGUUUUGAAACAUUUCGAGUCGCGAGGGUUUUCCCAUCGUUGGCCCGUAUCGCGUUUUCUUAUGAAGA,P24,2.988134442057209
dT2,GGTCGCGACCTTCTTTTCCCTCGCGACTCGAAATGTTTCTTTTCGAGGTCGCCC,P24,2.988134442057209
rT3,GGAUCUUUCGCCUUUUCGCGAUACGGGCCAACGAUGGGUUUUGAAGGUCGCGAC,P24,2.988134442057209
dT4,GGGCGACCTCGTTTTGTACCAGCATCCTCTTCATAAGTTTTGGCGAAAGATCC,P24,2.988134442057209
rS5,GGGCGACCUCGUUUUCCGGGAUAUGGUCUCGGCCAACUUUUCGAGGUCGCCC,P24,2.988134442057209
dP6,GGGCGACCTCGTTTTCGGACACGCTAAGAGTTGGCCCTTTTCGAGGTCGCCC,P24,2.988134442057209
rP1,GGAUGCUGGUACUUUUGUUGGCCGAGACCAUAUCCCGGUUUUGGGCCAACUCUUAGCGUGUCCGUUUUGAAACAUUUCGAGUCGCGAGGGUUUUCCCAUCGUUGGCCCGUAUCGCGUUUUCUUAUGAAGA,P25,3.0331575727818985
rT2,GGUCGCGACCUUCUUUUCCCUCGCGACUCGAAAUGUUUCUUUUCGAGGUCGCCC,P25,3.0331575727818985
dT3,GGATCTTTCGCCTTTTCGCGATACGGGCCAACGATGGGTTTTGAAGGTCGCGAC,P25,3.0331575727818985
dT4,GGGCGACCTCGTTTTGTACCAGCATCCTCTTCATAAGTTTTGGCGAAAGATCC,P25,3.0331575727818985
dS5,GGGCGACCTCGTTTTCCGGGATATGGTCTCGGCCAACTTTTCGAGGTCGCCC,P25,3.0331575727818985
rP6,GGGCGACCUCGUUUUCGGACACGCUAAGAGUUGGCCCUUUUCGAGGUCGCCC,P25,3.0331575727818985
rP1,GGAUGCUGGUACUUUUGUUGGCCGAGACCAUAUCCCGGUUUUGGGCCAACUCUUAGCGUGUCCGUUUUGAAACAUUUCGAGUCGCGAGGGUUUUCCCAUCGUUGGCCCGUAUCGCGUUUUCUUAUGAAGA,P26,2.9946300987296435
dT2,GGTCGCGACCTTCTTTTCCCTCGCGACTCGAAATGTTTCTTTTCGAGGTCGCCC,P26,2.9946300987296435
rT3,GGAUCUUUCGCCUUUUCGCGAUACGGGCCAACGAUGGGUUUUGAAGGUCGCGAC,P26,2.9946300987296435
dT4,GGGCGACCTCGTTTTGTACCAGCATCCTCTTCATAAGTTTTGGCGAAAGATCC,P26,2.9946300987296435
dS5,GGGCGACCTCGTTTTCCGGGATATGGTCTCGGCCAACTTTTCGAGGTCGCCC,P26,2.9946300987296435
rP6,GGGCGACCUCGUUUUCGGACACGCUAAGAGUUGGCCCUUUUCGAGGUCGCCC,P26,2.9946300987296435
rP1,GGAUGCUGGUACUUUUGUUGGCCGAGACCAUAUCCCGGUUUUGGGCCAACUCUUAGCGUGUCCGUUUUGAAACAUUUCGAGUCGCGAGGGUUUUCCCAUCGUUGGCCCGUAUCGCGUUUUCUUAUGAAGA,P27,2.832276024306257
dT2,GGTCGCGACCTTCTTTTCCCTCGCGACTCGAAATGTTTCTTTTCGAGGTCGCCC,P27,2.832276024306257
dT3,GGATCTTTCGCCTTTTCGCGATACGGGCCAACGATGGGTTTTGAAGGTCGCGAC,P27,2.832276024306257
rT4,GGGCGACCUCGUUUUGUACCAGCAUCCUCUUCAUAAGUUUUGGCGAAAGAUCC,P27,2.832276024306257
dS5,GGGCGACCTCGTTTTCCGGGATATGGTCTCGGCCAACTTTTCGAGGTCGCCC,P27,2.832276024306257
rP6,GGGCGACCUCGUUUUCGGACACGCUAAGAGUUGGCCCUUUUCGAGGUCGCCC,P27,2.832276024306257
rP1,GGAUGCUGGUACUUUUGUUGGCCGAGACCAUAUCCCGGUUUUGGGCCAACUCUUAGCGUGUCCGUUUUGAAACAUUUCGAGUCGCGAGGGUUUUCCCAUCGUUGGCCCGUAUCGCGUUUUCUUAUGAAGA,P28,2.856122169386669
dT2,GGTCGCGACCTTCTTTTCCCTCGCGACTCGAAATGTTTCTTTTCGAGGTCGCCC,P28,2.856122169386669
rT3,GGAUCUUUCGCCUUUUCGCGAUACGGGCCAACGAUGGGUUUUGAAGGUCGCGAC,P28,2.856122169386669
rT4,GGGCGACCUCGUUUUGUACCAGCAUCCUCUUCAUAAGUUUUGGCGAAAGAUCC,P28,2.856122169386669
dS5,GGGCGACCTCGTTTTCCGGGATATGGTCTCGGCCAACTTTTCGAGGTCGCCC,P28,2.856122169386669
dP6,GGGCGACCTCGTTTTCGGACACGCTAAGAGTTGGCCCTTTTCGAGGTCGCCC,P28,2.856122169386669
rP1,GGAUGCUGGUACUUUUGUUGGCCGAGACCAUAUCCCGGUUUUGGGCCAACUCUUAGCGUGUCCGUUUUGAAACAUUUCGAGUCGCGAGGGUUUUCCCAUCGUUGGCCCGUAUCGCGUUUUCUUAUGAAGA,P29,2.934828786
rT2,GGUCGCGACCUUCUUUUCCCUCGCGACUCGAAAUGUUUCUUUUCGAGGUCGCCC,P29,2.934828786
rT3,GGAUCUUUCGCCUUUUCGCGAUACGGGCCAACGAUGGGUUUUGAAGGUCGCGAC,P29,2.934828786
dT4,GGGCGACCTCGTTTTGTACCAGCATCCTCTTCATAAGTTTTGGCGAAAGATCC,P29,2.934828786
dS5,GGGCGACCTCGTTTTCCGGGATATGGTCTCGGCCAACTTTTCGAGGTCGCCC,P29,2.934828786
dP6,GGGCGACCTCGTTTTCGGACACGCTAAGAGTTGGCCCTTTTCGAGGTCGCCC,P29,2.934828786
,,,
,,,
,,,
,,,
,,,
,,,
,,,
,,,
,,,
,,,
,,,
,,,
,,,
,,,
,,,
,,,
,,,
,,,
,,,
,,,
,,,
,,,
,,,
,,,
,,,
,,,
,,,
,,,
,,,
,,,
,,,
,,,
,,,
,,,
,,,
,,,
,,,
,,,
,,,
,,,
,,,
,,,
,,,
,,,
,,,
,,,
,,,
,,,
,,,
,,,
,,,
,,,
,,,
,,,
,,,
,,,
,,,
,,,
,,,
,,,
,,,
,,,
,,,
,,,
,,,
,,,